cartodb_id;address_id;the_geom;the_geom_webmercator;code;status;postalcode;street;housenr;housenrext;city;rooms;price;priceext;sale_type;type;area;lotsize;volume;yearofconstruction;listedsince;dateofsale;broker
730065;0307200000394187;01010000204071000052B81E85CFC8024148E17A14AB231C41;0101000020110F00005D6C7486F53E2241344807BB10095A41;40016418;Verkocht;3818BK;Kapelweg;153;c;Amersfoort;3;217500;k.k.;VK;1;112;NULL;NULL;NULL;2016-11-29;NULL;Buijs Regiomakelaars | Qualis
731279;0307200000400456;0101000020407100005C8FC2F52AAB0241295C8FC2D2321C41;0101000020110F00006ADF0D6EE7322241F3AFAFEC9B0A5A41;40052199;Verkocht;3818KB;Prins Frederiklaan;57;b;Amersfoort;4;189500;k.k.;VK;1;61;NULL;NULL;NULL;2016-11-29;NULL;Woonvast Makelaars
739384;0307200000441567;0101000020407100008FC2F52882E802411F85EB51FE521C41;0101000020110F0000537984FCD74B2241F43D2882E30D5A41;40053575;Verkocht;3813AW;Meridiaan;32;c;Amersfoort;3;179000;k.k.;VK;1;68;NULL;NULL;NULL;2016-11-29;NULL;Hunink en Holtrigter
4839093;NULL;NULL;NULL;40059711;Verkocht;3824VH;Vuursalamander;44;46;Amersfoort;8;479000;k.k.;VK;NULL;NULL;666;NULL;NULL;2016-11-29;NULL;Buijs Regiomakelaars | Qualis
751515;0307200000503726;010100002040710000F4FDD47896AB0241C3F5285C97361C41;0101000020110F000059ACF3D112332241EE72D539FE0A5A41;40060167;Verkocht;3818KR;Pieter Jelles Troelstralaan;51;a;Amersfoort;4;189500;k.k.;VK;1;67;NULL;NULL;NULL;2016-11-29;NULL;Van Hell Makelaars
749419;0307200000493567;01010000204071000052B81E85A70F03411F85EB516E401C41;0101000020110F0000EF421B4EC35B2241518D1610FF0B5A41;40061507;Verkocht;3816PJ;Alphons Diepenbrockstraat;1;b;Amersfoort;4;179000;k.k.;VK;1;75;NULL;NULL;NULL;2016-11-29;NULL;Drenth Makelaars - Makelaardij in Amersfoort
732070;0307200000404402;010100002040710000EC51B81E351803413D0AD7A32F3B1C41;0101000020110F000023D260673D5F2241ACEF9430760B5A41;40073861;Verkocht;3816CJ;Ringweg-Randenbroek;32;f;Amersfoort;2;135000;k.k.;VK;1;44;NULL;NULL;NULL;2016-11-29;NULL;Govaert Makelaardij Verhuur & Beheer
735162;0307200000420226;010100002040710000295C8FC24D0D0341CDCCCCCCD3361C41;0101000020110F0000BB8DAE28CE5A22419AA71382040B5A41;40076757;Verkocht;3816CN;Ringweg-Randenbroek;102;a;Amersfoort;3;197500;k.k.;VK;1;85;NULL;NULL;NULL;2016-11-29;NULL;Snel ERA makelaars
755397;0307200000527704;01010000204071000083C0CAA1650A03418B6CE7FB6E4E1C41;0101000020110F00003FF9FC92A05922412E7B64776C0D5A41;40077721;Verkocht;3814AG;Van Randwijcklaan;105;h;Amersfoort;5;325000;k.k.;VK;1;116;77;NULL;NULL;2016-11-29;NULL;Woonvast Makelaars
756248;0307200000530529;01010000204071000014AE47E11FF50241295C8FC2673B1C41;0101000020110F000039F4C560F9502241912D5BFD7B0B5A41;40091561;Verkocht;3817AA;Hendrik van Viandenstraat;35;d;Amersfoort;2;165000;k.k.;VK;1;44;NULL;NULL;NULL;2016-11-29;NULL;Jan Scheffer Vastgoed BV
754803;0307200000520790;010100002040710000295C8FC2CB010341295C8FC214321C41;0101000020110F0000EEC9E72720562241DA4D13B7880A5A41;40101472;Verkocht;3817ES;Lambert Heijnricsstraat;16;A;Amersfoort;3;170000;k.k.;VK;Appartement;57;NULL;180;1968;2019-04-02;2019-04-26;Hendriks Makelaardij Amersfoort
753751;0307200000515064;0101000020407100008FC2F5286C0C034133333333FA401C41;0101000020110F0000D443DDE0725A2241B6E342540D0C5A41;40101719;Verkocht;3816PD;Johan Wagenaarstraat;4;B;Amersfoort;3;195000;k.k.;VK;Appartement;76;NULL;250;1965;2019-04-02;2019-05-03;Woonvast Makelaars
734623;0307200000417757;010100002040710000713D0AD7ABEF0241AE47E17A99431C41;0101000020110F00009AFEEEC0C14E2241DA3644CB510C5A41;40104085;Verkocht;3811CC;Krommestraat;14;B;Amersfoort;3;485000;k.k.;VK;Appartement;144;NULL;537;1906;2019-04-05;2019-04-16;Telman & Van Leeuwen Makelaars
739616;0307200000442743;0101000020407100001B2FDD246CAB024160E5D0229C361C41;0101000020110F00007EEC969B013322419EC934B6FE0A5A41;40104150;Verkocht;3818KR;Pieter Jelles Troelstralaan;53;B;Amersfoort;4;185000;k.k.;VK;Appartement;60;NULL;198;1957;2019-04-05;2019-04-25;Van Hell Makelaars
751229;0307200000502458;010100002040710000F6285C8FB8E502413D0AD7A3263A1C41;0101000020110F0000291F9DEAB54A2241FD8AF7435B0B5A41;40104539;Verkocht;3811NE;Bergstraat;1;H;Amersfoort;3;275000;k.k.;VK;Appartement;75;NULL;251;2008;2019-04-04;2019-04-15;Makelaarshuis Klein Hofmeijer
758132;0307200000555848;010100002040710000666666668306034104560E2DCF541C41;0101000020110F0000ED223E6C0C582241C88563DE120E5A41;40105913;Verkocht;3815BA;Liendertseweg;83;C;Amersfoort;2;210000;k.k.;VK;Appartement;54;NULL;215;2018;2019-03-28;2019-04-23;Hendriks Makelaardij Amersfoort
752501;0307200000509005;010100002040710000EC51B81EAFC80241AE47E17A69451C41;0101000020110F0000D36281C8E63E224102E3D109810C5A41;40107828;Verkocht;3812TC;Sint Bonifaciusstraat;1;A;Amersfoort;2;200000;k.k.;VK;Appartement;80;NULL;349;1923;2019-03-29;2019-04-18;Wooncontent NVM Amersfoort
746058;0307200000477014;0101000020407100009A999999091D0341295C8FC2C4571C41;0101000020110F000007F49D183661224171843408600E5A41;40108076;Verkocht;3815LR;Trekvogelweg;64;G;Amersfoort;2;165000;k.k.;VK;Appartement;62;NULL;195;1973;2019-03-30;2019-04-19;AR Makelaardij
734880;0307200000419022;010100002040710000000000009CCE0241EC51B81E9E371C41;0101000020110F000010933E3450412241734FD723190B5A41;40111541;Verkocht;3818KA;Prins Frederiklaan;1;F;Amersfoort;3;675000;k.k.;VK;Appartement;143;NULL;557;1992;2019-04-11;2019-05-03;Telman & Van Leeuwen Makelaars
740937;0307200000449893;010100002040710000A4703D0A13DA024114AE47E1383F1C41;0101000020110F00008A778C71F9452241E2912791DF0B5A41;40112302;Verkocht;3811MT;Vlasakkerweg;58;A;Amersfoort;2;225000;k.k.;VK;Appartement;65;NULL;185;1906;2019-04-12;2019-04-11;Drenth Makelaars - Makelaardij in Amersfoort
746306;0307200000478309;010100002040710000CDCCCCCC68110341333333337F361C41;0101000020110F0000C8A93C80795C224163D7CADFFB0A5A41;40115294;Verkocht;3816LN;Mozartweg;85;A;Amersfoort;3;199500;k.k.;VK;Appartement;65;NULL;207;1960;2019-04-05;2019-04-17;De Register Makelaar
741908;0307200000454936;0101000020407100003D0AD7A3980A034148E17A14CF511C41;0101000020110F0000C93C4576B55922415A04CD8DC40D5A41;40117136;Verkocht;3814TE;Ringweg-Kruiskamp;70;K;Amersfoort;3;275000;k.k.;VK;Appartement;79;NULL;254;2008;2019-04-09;2019-05-29;Telman & Van Leeuwen Makelaars
742255;0307200000456827;010100002040710000C3F5285C8FFC02413333333324471C41;0101000020110F00008625EAA8FF5322416557F133AE0C5A41;40118823;Verkocht;3811JW;Oliesteeg;1;C;Amersfoort;2;250000;k.k.;VK;Appartement;60;NULL;243;1850;2019-04-09;2019-04-26;De Ruiter Makelaarshuis BV
731696;0307200000402257;010100002040710000EC51B81EB9C80241AE47E17A78451C41;0101000020110F000057E8E9D8EA3E2241801F4191820C5A41;40122126;Verkocht;3812TC;Sint Bonifaciusstraat;1;D;Amersfoort;2;195000;k.k.;VK;Appartement;68;NULL;200;1905;2019-04-19;2019-06-28;Hoekschoeman
730049;0307200000394146;0101000020407100008FC2F528CE170341F6285C8F833D1C41;0101000020110F000060A910AD135F224177EFE7ECB20B5A41;40123677;Verkocht;3816NN;Euterpeplein;18;F;Amersfoort;3;180000;k.k.;VK;Appartement;71;NULL;235;1974;2019-04-19;2019-05-08;Wooncontent NVM Amersfoort
756553;0307200000531702;010100002040710000BA490C0258CF0241D122DB793D421C41;0101000020110F000085700A409C412241CFCD934A2E0C5A41;40123980;Verkocht;3812GZ;Piet Mondriaanplein;187;L;Amersfoort;5;400000;k.k.;VK;Appartement;136;59;491;2011;2019-04-20;2019-05-20;Fundament Makelaars
737153;0307200000430255;0101000020407100007B14AE4705160341295C8FC2B6391C41;0101000020110F0000A95F37AC595E224111F2D5C94F0B5A41;40124446;Verkocht;3816CL;Ringweg-Randenbroek;58;F;Amersfoort;2;157500;k.k.;VK;Appartement;44;NULL;148;1964;2019-04-20;2019-05-26;Govaert Makelaardij Verhuur & Beheer
741698;0307200000454069;0101000020407100009A9999991517034148E17A145E391C41;0101000020110F000077892662C85E2241D37136BF460B5A41;40124920;Verkocht;3816CL;Ringweg-Randenbroek;70;A;Amersfoort;3;175000;k.k.;VK;Appartement;74;NULL;236;1964;2019-04-19;2019-05-14;De Ruiter Makelaarshuis BV
743521;0307200000463689;010100002040710000C3F5285C5904034114AE47E108471C41;0101000020110F0000643D3B992A572241CA6E8467AB0C5A41;40127635;Verkocht;3814CB;Hogeweg;15;F;Amersfoort;2;189000;k.k.;VK;Appartement;54;NULL;185;1975;2019-04-16;2019-05-06;Woonvast Makelaars
746969;0307200000481256;010100002040710000B81E85EBA30A0341F6285C8FAE511C41;0101000020110F00003F4C760BBA592241A30C123DC10D5A41;40133226;Verkocht;3814TE;Ringweg-Kruiskamp;73;J;Amersfoort;3;265000;k.k.;VK;Appartement;84;NULL;265;2008;2019-05-01;2019-05-16;Woonvast Makelaars
735510;0307200000421872;0101000020407100007F6ABC7409C902411283C04A83451C41;0101000020110F0000D8C540840B3F224159DB9CAB830C5A41;40136089;Verkocht;3812TC;Sint Bonifaciusstraat;3;C;Amersfoort;2;147500;k.k.;VK;Appartement;46;NULL;292;1905;2019-04-24;2019-06-28;Hoekschoeman
728904;0307200000388184;010100002040710000E17A14AE1D1403410AD7A3704D341C41;0101000020110F0000027BDC1B935D2241F0C51F9EC20A5A41;40137318;Verkocht;3816XH;Haydnstraat;22;C;Amersfoort;5;195000;k.k.;VK;Appartement;111;NULL;380;1959;2019-04-25;2019-05-16;Hendriks Makelaardij Amersfoort
746360;0307200000478636;01010000204071000014AE47E134D90241D7A3703DE3431C41;0101000020110F0000704605FD9E452241ADAB874C590C5A41;40140644;Verkocht;3812CA;Puntenburgerlaan;1;F;Amersfoort;3;325000;k.k.;VK;Appartement;98;NULL;340;2010;2019-05-07;2019-05-21;Telman & Van Leeuwen Makelaars
730937;0307200000398502;0101000020407100003D0AD7A3EEF10241713D0AD78C2A1C41;0101000020110F0000B7F08DEAAC4F224143F96048C4095A41;40143335;Verkocht;3817SJ;Woestijgerweg;191;B;Amersfoort;3;195000;k.k.;VK;Appartement;58;NULL;184;1954;2019-05-09;2019-05-29;Woonvast Makelaars
743218;0307200000462170;010100002040710000EC51B81EB30E03411F85EB5132661C41;0101000020110F00009BF34FB5615B224107B282AFD80F5A41;40145046;Verkocht;3822BX;Albert Schweitzersingel;2;A;Amersfoort;3;249000;k.k.;VK;Appartement;82;NULL;293;1997;2019-05-01;2019-05-16;De Ruiter Makelaarshuis BV
742608;0307200000458833;010100002040710000713D0AD77FEB02413D0AD7A39D531C41;0101000020110F0000A0E3ED6D0F4D224113AF3BC0F30D5A41;40149461;Verkocht;3813VP;Voerman;6;A;Amersfoort;4;179000;k.k.;VK;Appartement;75;NULL;248;1963;2019-05-03;2019-06-20;Woonvast Makelaars
743663;0307200000464421;010100002040710000666666669AEB0241295C8FC25F531C41;0101000020110F00008CDB983B1A4D2241109D4371ED0D5A41;40149720;Verkocht;3813VP;Voerman;2;C;Amersfoort;4;179000;k.k.;VK;Appartement;75;NULL;248;1963;2019-05-03;2019-06-04;Woonvast Makelaars
728640;0307200000386800;010100002040710000295C8FC2650A0341AE47E17AB8511C41;0101000020110F0000AC9955C3A05922413E931F40C20D5A41;40153655;Verkocht;3814TE;Ringweg-Kruiskamp;72;j;Amersfoort;3;259000;k.k.;VK;1;98;NULL;NULL;NULL;2016-11-29;NULL;Woonvast Makelaars
746784;0307200000480455;010100002040710000295C8FC2CD180341E17A14AE1B3B1C41;0101000020110F0000CC8B83777B5F224160E13D27740B5A41;40167251;Verkocht;3816CJ;Ringweg-Randenbroek;38;e;Amersfoort;4;185000;k.k.;VK;1;74;NULL;NULL;NULL;2016-11-29;NULL;Deelen Makelaars Woningen
732209;0307200000405193;01010000204071000048E17A14D2EF024148E17A14E5421C41;0101000020110F000010EEF54CD14E2241D74415683F0C5A41;40193050;Verkocht;3811BT;Langegracht;2;C;Amersfoort;3;275000;k.k.;VK;Appartement;73;NULL;240;1980;2019-03-28;2019-04-01;Makelaarshuis Klein Hofmeijer
753548;0307200000514086;010100002040710000D7A3703DEEE00241000000000A311C41;0101000020110F0000FDDDF064C34822410A86508C6D0A5A41;40194814;Verkocht;3817KD;Leusderweg;108;A;Amersfoort;5;250000;k.k.;VK;Appartement;85;NULL;275;1981;2019-03-27;2019-04-17;Succesmakelaars & financieel adviseurs
736283;0307200000425724;010100002040710000AE47E17A00B20241295C8FC2AD361C41;0101000020110F000015E60A76AE352241CBDF958A000B5A41;40214922;Verkocht;3818KK;Mr. Th. Heemskerklaan;47;A;Amersfoort;4;195000;k.k.;VK;Appartement;65;NULL;207;1957;2019-07-04;2019-07-18;Van der Horst Vastgoed Makelaars
746582;0307200000479664;01010000204071000085EB51B8C8C30241F6285C8FFB201C41;0101000020110F00005CF2A693EA3C224121F528ABCA085A41;40228828;Verkocht;3818BN;Kapelweg;183;B;Amersfoort;3;200000;k.k.;VK;Appartement;61;NULL;205;1958;2019-07-06;2019-07-18;Nationaal Makelaars Collectief Amersfoort (Namaco)
745270;0307200000473156;010100002040710000B81E85EBF1F30241A4703D0AC7641C41;0101000020110F000042A419117F502241169FEFB0B30F5A41;40251892;Verkocht;3813NV;Nijenrode;23;A;Amersfoort;3;192500;k.k.;VK;Appartement;64;NULL;190;1986;2019-05-14;2019-06-14;De Ruiter Makelaarshuis BV
736787;0307200000428475;0101000020407100000AD7A370451903415C8FC2F5133C1C41;0101000020110F0000725B1931AC5F2241D06081748D0B5A41;40255047;Verkocht;3816CH;Ringweg-Randenbroek;22;A;Amersfoort;3;192500;k.k.;VK;Appartement;73;NULL;258;1960;2019-05-09;2019-05-29;Buijs Regiomakelaars | Qualis
735787;0307200000423262;01010000204071000052B81E85FBFE0241295C8FC216481C41;0101000020110F000078FCFAE5FB542241C15472ECC60C5A41;40257626;Verkocht;3811JK;Pothstraat;61;B;Amersfoort;2;200000;k.k.;VK;Appartement;53;NULL;170;2002;2019-05-10;2019-05-28;De Ruiter Makelaarshuis BV
734931;0307200000419197;0101000020407100007B14AE47FFE802417B14AE4760521C41;0101000020110F0000CC6FA1E10A4C22410837A365D30D5A41;40266218;Verkocht;3813AV;Meridiaan;22;C;Amersfoort;3;165000;k.k.;VK;Appartement;65;NULL;225;1963;2019-05-17;2019-06-03;Hendriks Makelaardij Amersfoort
734082;0307200000415137;010100002040710000A4703D0A291603413D0AD7A3A7391C41;0101000020110F0000229CC835685E2241CCF43A3F4E0B5A41;40269043;Verkocht;3816CL;Ringweg-Randenbroek;60;F;Amersfoort;2;150000;k.k.;VK;Appartement;43;NULL;148;1960;2019-05-21;2019-05-29;Kruithof Makelaardij
735626;0307200000422385;010100002040710000B81E85EB73EA0241B81E85EB3B421C41;0101000020110F0000F6442579A24C22415E23702A2E0C5A41;40269904;Verkocht;3811BA;Westsingel;16;C;Amersfoort;3;235000;k.k.;VK;Appartement;66;NULL;204;1986;2019-05-21;2019-06-11;Fundament Makelaars
745064;0307200000472061;0101000020407100006ABC7493D4C00241B4C876BE16251C41;0101000020110F0000BCD1FBF9B63B2241CDAEB8C135095A41;40272378;Verkocht;3818TK;Surinamelaan;119;A;Amersfoort;4;200000;k.k.;VK;Appartement;74;NULL;250;1958;2019-06-01;2019-06-20;Woonvast Makelaars
749969;0307200000496408;0101000020407100007B14AE47230403413D0AD7A3A3471C41;0101000020110F000016F6F29F14572241C7ECFC2DBB0C5A41;40272676;Verkocht;3814CA;Hogeweg;13;E;Amersfoort;2;195000;k.k.;VK;Appartement;54;NULL;183;1974;2019-05-30;2019-06-13;Kruithof Makelaardij
728402;0307200000385573;0101000020407100003D0AD7A3E400034114AE47E14F4F1C41;0101000020110F0000886DAE07C3552241C118D769830D5A41;40286362;Verkocht;3814VK;Van Spilbergenstraat;3;A;Amersfoort;2;169500;k.k.;VK;Appartement;48;NULL;164;1963;2019-06-04;2019-06-17;De Register Makelaar
738443;0307200000436912;010100002040710000666666662C040341D7A3703DA5471C41;0101000020110F00007EBC8455185722416757B857BB0C5A41;40286498;Verkocht;3814CA;Hogeweg;13;B;Amersfoort;2;192500;k.k.;VK;Appartement;54;NULL;182;1974;2019-06-04;2019-06-23;HuisPortaal.nl
747626;0307200000484846;01010000204071000000000000A0010341295C8FC24B321C41;0101000020110F00008C74CC5E0E5622410CC8F4518E0A5A41;40289283;Verkocht;3817ER;Lambert Heijnricsstraat;6;A;Amersfoort;4;189000;k.k.;VK;Appartement;78;NULL;280;1960;2019-06-06;2019-06-26;Makelaarshuis Klein Hofmeijer
746755;0307200000480323;010100002040710000D7A3703DA6F00241F6285C8FA8291C41;0101000020110F00008511D966274F2241F50CF605AD095A41;40289499;Verkocht;3817WE;Fahrenheitstraat;60;C;Amersfoort;3;189000;k.k.;VK;Appartement;58;NULL;184;1955;2019-06-06;2019-07-04;Woonvast Makelaars
756031;0307200000529770;010100002040710000DF4F8D9785D70241F6285C0F37441C41;0101000020110F00002BFDFF95EF442241BA4EF9D6610C5A41;40295283;Verkocht;3812CE;Puntenburgerlaan;12;B;Amersfoort;5;375000;k.k.;VK;Appartement;121;76;417;2012;2019-06-12;2019-06-26;Telman & Van Leeuwen Makelaars
751156;0307200000502035;010100002040710000D9CEF753FFC602415C8FC2F54F261C41;0101000020110F0000C9141CB3383E224142FE97B055095A41;40295881;Verkocht;3818TE;Surinamelaan;65;C;Amersfoort;6;225000;k.k.;VK;Appartement;96;NULL;385;1958;2019-06-12;2019-06-27;Telman & Van Leeuwen Makelaars
755986;0307200000529682;0101000020407100007593180448D8024106819543F8421C41;0101000020110F0000FEC878AF3E452241BEF7EC58410C5A41;40297210;Verkocht;3812GT;Piet Mondriaanlaan;123;H;Amersfoort;2;255000;k.k.;VK;Appartement;83;NULL;299;2012;2019-06-14;2019-06-26;Telman & Van Leeuwen Makelaars
754507;0307200000519183;0101000020407100008FC2F528F81C03415C8FC2F5D3571C41;0101000020110F00008A7C82012F612241D8D1FE94610E5A41;40406239;Verkocht;3815LN;Trekvogelweg;56;k;Amersfoort;2;159500;k.k.;VK;1;62;NULL;NULL;NULL;2016-11-29;NULL;JOOST Makelaars
732387;0307200000406012;0101000020407100007B14AE474D0E03419A9999991C381C41;0101000020110F0000F2C66C1D365B2241BCEC6703260B5A41;40411872;Verkocht;3816CE;Ringweg-Randenbroek;65;a;Amersfoort;3;189500;k.k.;VK;1;65;NULL;NULL;NULL;2016-11-29;NULL;Reinerie Garantiemakelaars Amersfoort
728884;0307200000388079;0101000020407100004A0C022B741003414E6210D836591C41;0101000020110F000068C558C2175C2241DAAB2BCF850E5A41;40413133;Verkocht;3815ED;Rietzangerstraat;171;13;Amersfoort;NULL;16500;k.k.;VK;NULL;18;NULL;NULL;NULL;2016-11-29;NULL;Marga van Knapen Makelaardij o.g.
740135;0307200000445744;010100002040710000AE47E17AC4220341E17A14AE474D1C41;0101000020110F00001EFFF4028A632241325B54464E0D5A41;40424465;Verkocht;3815SX;Spreeuwenstraat;295;12;Amersfoort;NULL;15000;k.k.;VK;1;18;NULL;NULL;NULL;2016-11-29;NULL;Drenth Makelaars
753687;0307200000514751;010100002040710000F6285C8F5E170341333333335D3A1C41;0101000020110F000052A2EE1BE65E2241B545FABE600B5A41;40424694;Verkocht;3816CK;Ringweg-Randenbroek;46;e;Amersfoort;2;125000;k.k.;VK;1;44;NULL;NULL;NULL;2016-11-29;NULL;Makelaardij de Parel
752027;0307200000506345;01010000204071000052B81E85FEEE0241CDCCCCCC043F1C41;0101000020110F0000E5B53D3F7B4E22418A4E6545DA0B5A41;40428122;Verkocht;3811HK;Koestraat;37;b;Amersfoort;2;198500;k.k.;VK;1;55;NULL;NULL;NULL;2016-11-29;NULL;ERA Makelaardij Extra Ron Coljee
733216;0307200000410526;0101000020407100008FC2F528A019034100000000003C1C41;0101000020110F0000620DA413D15F2241DC0F636B8B0B5A41;40428379;Verkocht;3816CH;Ringweg-Randenbroek;26;c;Amersfoort;4;175000;k.k.;VK;1;74;NULL;NULL;NULL;2016-11-29;NULL;Hendriks Makelaardij Amersfoort
753487;0307200000513865;010100002040710000EC51B81E3F0C034152B81E85B0371C41;0101000020110F0000FEE63327605A2241AB1630011B0B5A41;40431081;Verkocht;3816CE;Ringweg-Randenbroek;79;a;Amersfoort;3;169000;k.k.;VK;1;62;NULL;NULL;NULL;2016-11-29;NULL;Hunink en Holtrigter
743088;0307200000461507;010100002040710000713D0AD78BDE024185EB51B88F3D1C41;0101000020110F000077DC3901CB472241AAB39D3DB40B5A41;40433632;Verkocht;3811MS;Vlasakkerweg;10;a;Amersfoort;5;425000;k.k.;VK;5;138;90;NULL;NULL;2016-11-29;NULL;Hendriks Makelaardij Amersfoort
747961;0307200000486492;010100002040710000713D0AD7F7200341EC51B81E35391C41;0101000020110F0000C57D2E37CD622241C43B3D88420B5A41;40434810;Verkocht;3816TX;Otelloplaats;3;17;Amersfoort;NULL;18500;k.k.;VK;NULL;18;NULL;NULL;NULL;2016-11-29;NULL;Jan Huisman Makelaardij o.z. & Hypotheken
743523;0307200000463689;010100002040710000C3F5285C5904034114AE47E108471C41;0101000020110F0000643D3B992A572241CA6E8467AB0C5A41;40435232;Verkocht;3814CB;Hogeweg;15;f;Amersfoort;2;159500;k.k.;VK;1;54;NULL;NULL;NULL;2016-11-29;NULL;Hendriks Makelaardij Amersfoort
743151;0307200000461940;010100002040710000D578E926D7100341000000004E491C41;0101000020110F000088748A393F5C22418D3B399BE60C5A41;40435777;Verkocht;3814WV;Amundsenstraat;8;b;Amersfoort;4;179000;k.k.;VK;1;75;NULL;NULL;NULL;2016-11-29;NULL;De Ruiter Makelaarshuis BV
752603;0307200000509626;01010000204071000085EB51B896180341EC51B81E1A3C1C41;0101000020110F0000C4CA7325655F2241CF59E4158E0B5A41;40436453;Verkocht;3816CH;Ringweg-Randenbroek;16;c;Amersfoort;2;120000;k.k.;VK;1;44;NULL;NULL;NULL;2016-11-29;NULL;Van Trigt Makelaars
733450;0307200000411873;0101000020407100001F85EB51160E03410000000012371C41;0101000020110F0000D45B14B81F5B2241ED7839D80A0B5A41;40440857;Verkocht;3816CN;Ringweg-Randenbroek;100;c;Amersfoort;5;207500;k.k.;VK;1;120;NULL;NULL;NULL;2016-11-29;NULL;Buijs Regiomakelaars | Qualis
749749;0307200000495175;010100002040710000A4703D0A97FB0241EC51B81EE2451C41;0101000020110F0000502C96A49A532241C16DEB5F8D0C5A41;40444179;Verkocht;3811JG;Achter de Kamp;32;g;Amersfoort;2;175000;k.k.;VK;1;40;NULL;NULL;NULL;2016-11-29;NULL;Hendriks Makelaardij Amersfoort
728602;0307200000386654;010100002040710000295C8FC26DF80241295C8FC2F2461C41;0101000020110F0000EE21308A5152224139CE2F2BA90C5A41;40446318;Verkocht;3811WJ;Coninckstraat;12;b;Amersfoort;2;189000;k.k.;VK;1;50;NULL;NULL;NULL;2016-11-29;NULL;Kruithof
753977;0307200000516318;01010000204071000048E17A1430EF0241A8C64BB7DB3E1C41;0101000020110F0000DE8054668F4E2241E1C06F15D60B5A41;40449350;Verkocht;3811HK;Koestraat;41;c;Amersfoort;2;200000;k.k.;VK;1;55;NULL;NULL;NULL;2016-11-29;NULL;Reinerie Garantiemakelaars Amersfoort
730122;0307200000394387;0101000020407100000000000034D902411F85EB51EA431C41;0101000020110F0000F66F3BA19E4522412FAF44055A0C5A41;40451119;Verkocht;3812CA;Puntenburgerlaan;7;e;Amersfoort;3;339000;k.k.;VK;1;106;NULL;NULL;NULL;2017-11-10;NULL;Hoekschoeman
740810;0307200000449232;010100002040710000D7A3703DD8E802419A999999EC2E1C41;0101000020110F00002443911FFB4B22413A7B2F62360A5A41;40456304;Verkocht;3817HC;Everard Meysterweg;65;a;Amersfoort;2;174500;k.k.;VK;1;50;NULL;NULL;NULL;2016-11-29;NULL;Margitte Schoof Makelaardij o.z.
757841;0307200000548461;0101000020407100006DE7FBA94DE60241E92631087E371C41;0101000020110F0000BD215390F24A2241835955E7150B5A41;40458135;Verkocht;3817KA;Leusderweg;24;l;Amersfoort;3;210000;k.k.;VK;1;62;NULL;NULL;NULL;2017-11-08;NULL;Hendriks Makelaardij Amersfoort
733456;0307200000411883;01010000204071000000000000080D0341C3F5285C1C3C1C41;0101000020110F00002A1D5108B25A22412539235A8E0B5A41;40464219;Verkocht;3816MA;Beethovenweg;11;c;Amersfoort;5;200000;k.k.;VK;1;108;NULL;NULL;NULL;2016-11-29;NULL;Snel ERA makelaars
737292;0307200000431016;010100002040710000713D0AD711CB0241C3F5285C33241C41;0101000020110F000052D5A197E03F224168B02C9F1E095A41;40466628;Verkocht;3818BJ;Kapelweg;135;b;Amersfoort;4;170000;k.k.;VK;1;62;NULL;NULL;NULL;2017-11-15;NULL;Telman & Van Leeuwen Makelaars
733097;0307200000409765;010100002040710000295C8FC2FDF2024152B81E85902A1C41;0101000020110F0000B53D4C231B50224136A735A8C4095A41;40467295;Verkocht;3817ST;Woestijgerweg;210;b;Amersfoort;3;185000;k.k.;VK;1;64;NULL;NULL;NULL;2017-11-16;NULL;Woonvast Makelaars
755401;0307200000527725;01010000204071000006819543E0090341713D0A57CF4D1C41;0101000020110F0000E7B2D04D6A5922417F8E92315C0D5A41;40473247;Verkocht;3814AG;Van Randwijcklaan;107;b;Amersfoort;7;299000;k.k.;VK;1;116;638;NULL;NULL;NULL;NULL;Woonvast Makelaars
751518;0307200000503728;01010000204071000000000000460D034114AE47E1793D1C41;0101000020110F00008B9F494ECB5A2241097837F9B10B5A41;40482083;Verkocht;3816MH;Valeriushof;18;a;Amersfoort;5;210000;k.k.;VK;1;82;NULL;NULL;NULL;2016-11-29;NULL;Hendriks Makelaardij Amersfoort
749433;0307200000493603;0101000020407100008FC2F528FEF1024185EB51B80E321C41;0101000020110F0000D524CA4AB34F224192F26F1E880A5A41;40484057;Verkocht;3817CM;Arnhemseweg;172;c;Amersfoort;3;150000;k.k.;VK;1;61;NULL;NULL;NULL;2017-12-09;NULL;Telman & Van Leeuwen Makelaars
731759;0307200000402688;0101000020407100000AD7A3708B0C0341EC51B81EFF401C41;0101000020110F0000C73E7A997F5A2241CC428CD40D0C5A41;40489679;Verkocht;3816PD;Johan Wagenaarstraat;4;d;Amersfoort;5;200000;k.k.;VK;1;113;NULL;NULL;NULL;2016-11-29;NULL;Hendriks Makelaardij Amersfoort
752651;0307200000509820;0101000020407100007B14AE474B17034185EB51B8783A1C41;0101000020110F0000A3F29546DE5E2241CAAE0B8D630B5A41;40495103;Verkocht;3816CK;Ringweg-Randenbroek;44;b;Amersfoort;2;120000;k.k.;VK;1;50;NULL;NULL;NULL;2017-12-09;NULL;Succesmakelaars
751067;0307200000501664;0101000020407100003D0AD7A3A4000341E17A14AE5C4F1C41;0101000020110F00009E8C1D00A95522416834FFB7840D5A41;40495711;Verkocht;3814VK;Van Spilbergenstraat;1;b;Amersfoort;3;169500;k.k.;VK;1;74;NULL;NULL;NULL;2016-11-29;NULL;Reinerie Garantiemakelaars Amersfoort
753391;0307200000513420;01010000204071000077BE9F1A8CE00241A69BC4A0F0241C41;0101000020110F0000C5A0B0AB9B4822419A24C4F131095A41;40497592;Verkocht;3817JW;Keesomstraat;27;a;Amersfoort;3;160000;k.k.;VK;1;55;NULL;NULL;NULL;2017-12-12;NULL;Drenth Makelaars
751599;0307200000504201;0101000020407100003D0AD7A36217034100000000623A1C41;0101000020110F00009D21EDC4E75E2241F5C8313C610B5A41;40505771;Verkocht;3816CK;Ringweg-Randenbroek;46;d;Amersfoort;2;125000;k.k.;VK;1;42;NULL;NULL;NULL;2016-11-29;NULL;Nationaal Makelaars Collectief Amersfoort (Namaco)
751730;0307200000505006;010100002040710000B81E85EB1FE902410AD7A37017291C41;0101000020110F0000D67B9B48184C2241BD1ED93C9E095A41;40511881;Verkocht;3817ZL;Réaumurstraat;29;b;Amersfoort;4;192500;k.k.;VK;1;65;NULL;NULL;NULL;2016-11-29;NULL;Margitte Schoof Makelaardij o.z.
3811081;NULL;NULL;NULL;40512565;Verkocht;3824LZ;Karper;86;p;Amersfoort;3;229000;k.k.;VK;NULL;90;NULL;NULL;NULL;2016-11-29;NULL;Govaert Makelaardij Verhuur & Beheer
3766586;NULL;NULL;NULL;40513261;Verkocht;3817HC;Everard Meysterweg;65;c;Amersfoort;4;164000;k.k.;VK;NULL;49;NULL;NULL;NULL;2016-11-29;NULL;Woonvast Makelaars
747093;0307200000481913;010100002040710000EC51B81E650B0341CDCCCCCC3B391C41;0101000020110F0000CADD1094075A22414D07614A430B5A41;40514710;Verkocht;3816NL;Bachweg;94;c;Amersfoort;4;179000;k.k.;VK;1;69;NULL;NULL;NULL;2016-11-29;NULL;Landheeren
747578;0307200000484446;010100002040710000A4703D0AC91903417B14AE47253B1C41;0101000020110F00009A1C8EA5E15F2241560FBD20750B5A41;40523285;Verkocht;3816VC;Weberstraat;2;6;Amersfoort;NULL;15000;k.k.;VK;NULL;18;NULL;NULL;NULL;2016-11-29;NULL;Hendriks Makelaardij Amersfoort
747000;0307200000481423;010100002040710000DF4F8D9786200341B4C8763E59541C41;0101000020110F0000F52D1F1AA162224182AA08C2060E5A41;40523288;Verkocht;3815LL;Trekvogelweg;375;2;Amersfoort;NULL;15000;k.k.;VK;NULL;18;NULL;NULL;NULL;2016-11-29;NULL;Hendriks Makelaardij Amersfoort
748905;0307200000491050;0101000020407100005C8FC2F59E18034114AE47E1273C1C41;0101000020110F00003B480E80685F22410BF1DD7C8F0B5A41;40524595;Verkocht;3816CH;Ringweg-Randenbroek;16;a;Amersfoort;2;139500;k.k.;VK;1;44;NULL;NULL;NULL;2016-11-29;NULL;Drenth Makelaars - Makelaardij in Amersfoort
3763073;NULL;NULL;NULL;40524969;Verkocht;3816CJ;Ringweg-Randenbroek;34;a;Amersfoort;3;175000;k.k.;VK;NULL;68;NULL;NULL;NULL;2016-11-29;NULL;Nationaal Makelaars Collectief Amersfoort (Namaco)
2949502;NULL;NULL;NULL;40529659;Verkocht;3817ZJ;Réaumurstraat;9;b;Amersfoort;3;189500;k.k.;VK;NULL;66;NULL;NULL;NULL;2016-11-29;NULL;Hendriks Makelaardij Amersfoort
3816073;NULL;NULL;NULL;40534891;Verkocht;3825WX;Egeïsche Zee;2;c;Amersfoort;3;285000;k.k.;VK;NULL;107;140;NULL;NULL;2016-11-29;NULL;Snel ERA makelaars
2954108;NULL;NULL;NULL;40539314;Verkocht;3817ES;Lambert Heijnricsstraat;16;c;Amersfoort;3;150000;k.k.;VK;NULL;57;NULL;NULL;NULL;2016-11-29;NULL;Succesmakelaars & financieel adviseurs
2921817;NULL;NULL;NULL;40540423;Verkocht;3817CA;Arnhemseweg;39;a;Amersfoort;2;160000;k.k.;VK;NULL;40;NULL;NULL;NULL;2016-11-29;NULL;Govaert Makelaardij Verhuur & Beheer
3814284;NULL;NULL;NULL;40544039;Verkocht;3818TE;Surinamelaan;69;b;Amersfoort;4;175000;k.k.;VK;NULL;68;NULL;NULL;NULL;2016-11-29;NULL;Woonvast Makelaars
3766294;NULL;NULL;NULL;40546451;Verkocht;3816PJ;Alphons Diepenbrockstraat;9;b;Amersfoort;4;177500;k.k.;VK;NULL;76;NULL;NULL;NULL;2016-11-29;NULL;Jan Huisman Makelaardij o.z. & Hypotheken
3968318;NULL;NULL;NULL;40546663;Verkocht;3818NA;Joannes Tolliusstraat;3;a;Amersfoort;4;499000;k.k.;VK;NULL;134;70;NULL;NULL;2016-11-29;NULL;Vlaming Makelaardij
4802191;NULL;NULL;NULL;40548368;Verkocht;3812DC;Noordewierweg;99;a;Amersfoort;2;185000;k.k.;VK;NULL;68;NULL;NULL;NULL;2016-11-29;NULL;De Ruiter Makelaarshuis BV
3766047;NULL;NULL;NULL;40551199;Verkocht;3817HD;Everard Meysterweg;12;15;Amersfoort;NULL;8000;v.o.n.;VK;NULL;NULL;NULL;NULL;NULL;2016-11-29;NULL;Govaert Makelaardij Verhuur & Beheer
737356;0307200000431291;01010000204071000048E17A1438D90241AE47E17AE7431C41;0101000020110F0000278D104AA0452241557F2BBB590C5A41;40555034;Verkocht;3812CA;Puntenburgerlaan;5;f;Amersfoort;3;300000;k.k.;VK;1;90;NULL;NULL;NULL;2016-11-29;NULL;JOOST Makelaars
737737;0307200000433390;0101000020407100001F85EB51161103419A99999980491C41;0101000020110F00007502E4EC585C2241FD886EC3EB0C5A41;40562209;Verkocht;3814WS;Ringweg-Kruiskamp;105;c;Amersfoort;4;169500;k.k.;VK;1;79;NULL;NULL;NULL;2016-11-29;NULL;Kiers Vastgoed
2953752;NULL;NULL;NULL;40563074;Verkocht;3826**;Waterdorp Paal;2;en 3;Amersfoort;4;317500;v.o.n.;VK;NULL;125;149;NULL;NULL;NULL;NULL;Woonvast Makelaars
2953745;NULL;NULL;NULL;40563081;Verkocht;3826**;Waterdorp Paal;2;en 3;Amersfoort;4;320000;v.o.n.;VK;NULL;125;160;NULL;NULL;2016-11-29;NULL;Woonvast Makelaars
735091;0307200000419920;0101000020407100001F85EB51E2F30241AE47E17A8B421C41;0101000020110F0000A367795478502241D1FE9A45360C5A41;40563856;Verkocht;3811KD;Valkestraat;18;c;Amersfoort;2;189500;k.k.;VK;1;44;NULL;NULL;NULL;2016-11-29;NULL;Hendriks Makelaardij Amersfoort
3763645;NULL;NULL;NULL;40563864;Verkocht;3818TJ;Surinamelaan;101;a;Amersfoort;3;175000;k.k.;VK;NULL;71;NULL;NULL;NULL;2016-11-29;NULL;Buijs Regiomakelaars | Qualis
2985747;NULL;NULL;NULL;40564011;Verkocht;3826**;Waterdorp Paal;2;en 3;Amersfoort;4;345000;v.o.n.;VK;NULL;132;154;NULL;NULL;2016-11-29;NULL;Woonvast Makelaars
2985213;NULL;NULL;NULL;40564185;Verkocht;3826**;Waterdorp Paal;2;en 3;Amersfoort;4;359900;v.o.n.;VK;NULL;132;200;NULL;NULL;NULL;NULL;Woonvast Makelaars
2953743;NULL;NULL;NULL;40564323;Verkocht;3826**;Waterdorp Paal;2;en 3;Amersfoort;5;490000;v.o.n.;VK;NULL;170;297;NULL;NULL;NULL;NULL;Woonvast Makelaars
3817555;NULL;NULL;NULL;40564349;Verkocht;3826**;Waterdorp Paal;2;en 3;Amersfoort;5;488000;v.o.n.;VK;NULL;170;289;NULL;NULL;NULL;NULL;Woonvast Makelaars
2994688;NULL;NULL;NULL;40564378;Verkocht;3826**;Waterdorp Paal;2;en 3;Amersfoort;5;425000;v.o.n.;VK;NULL;149;168;NULL;NULL;2016-11-29;NULL;Woonvast Makelaars
3971015;NULL;NULL;NULL;40564397;Verkocht;3826**;Waterdorp Paal;2;en 3;Amersfoort;5;425000;v.o.n.;VK;NULL;149;168;NULL;NULL;2016-11-29;NULL;Woonvast Makelaars
742955;0307200000460691;0101000020407100007B14AE4731110341C3F5285C44341C41;0101000020110F00005DBA2FD0625C2241F6F8B6B3C10A5A41;40572549;Verkocht;3816XG;Haydnstraat;14;b;Amersfoort;4;195000;k.k.;VK;1;74;NULL;NULL;NULL;2016-11-29;NULL;Van Hell Makelaars BV
2948235;NULL;NULL;NULL;40575407;Verkocht;3826**;Waterdorp Paal;2;en 3;Amersfoort;5;479000;v.o.n.;VK;NULL;165;231;NULL;NULL;NULL;NULL;Woonvast Makelaars
2994691;NULL;NULL;NULL;40575475;Verkocht;3826**;Waterdorp Paal;2;en 3;Amersfoort;5;495000;v.o.n.;VK;NULL;167;308;NULL;NULL;NULL;NULL;Woonvast Makelaars
2985961;NULL;NULL;NULL;40575545;Verkocht;3826**;Waterdorp Paal;2;en 3;Amersfoort;5;515000;v.o.n.;VK;NULL;167;261;NULL;NULL;NULL;NULL;Woonvast Makelaars
3962496;NULL;NULL;NULL;40575585;Verkocht;3826**;Waterdorp Paal;2;en 3;Amersfoort;5;498000;v.o.n.;VK;NULL;170;254;NULL;NULL;NULL;NULL;Woonvast Makelaars
2953734;NULL;NULL;NULL;40575586;Verkocht;3826**;Waterdorp Paal;2;en 3;Amersfoort;5;498000;v.o.n.;VK;NULL;170;253;NULL;NULL;NULL;NULL;Woonvast Makelaars
3760685;NULL;NULL;NULL;40575640;Verkocht;3826**;Waterdorp Paal;2;en 3;Amersfoort;5;439000;v.o.n.;VK;NULL;158;176;NULL;NULL;NULL;NULL;Woonvast Makelaars
2949285;NULL;NULL;NULL;40575641;Verkocht;3826**;Waterdorp Paal;2;en 3;Amersfoort;5;439000;v.o.n.;VK;NULL;152;176;NULL;NULL;NULL;NULL;Woonvast Makelaars
2953730;NULL;NULL;NULL;40575642;Verkocht;3826**;Waterdorp Paal;2;en 3;Amersfoort;5;515000;v.o.n.;VK;NULL;167;261;NULL;NULL;NULL;NULL;Woonvast Makelaars
3762043;NULL;NULL;NULL;40575653;Verkocht;3826**;Waterdorp Paal;2;en 3;Amersfoort;5;493000;v.o.n.;VK;NULL;167;265;NULL;NULL;NULL;NULL;Woonvast Makelaars
3966899;NULL;NULL;NULL;40575782;Verkocht;3826**;Waterdorp Paal;2;en 3;Amersfoort;4;615000;v.o.n.;VK;NULL;169;262;NULL;NULL;2016-11-29;NULL;Woonvast Makelaars
727955;0307200000383258;010100002040710000EC51B81E5DC60241713D0AD7FE361C41;0101000020110F000037B52DEEF53D22411A548DE2080B5A41;40578989;Verkocht;3818KA;Prins Frederiklaan;21;a;Amersfoort;3;585000;k.k.;VK;1;130;NULL;NULL;NULL;2016-11-29;NULL;Telman & Van Leeuwen Makelaars
751012;0307200000501445;010100002040710000AE47E17A60AD024114AE47E1C6331C41;0101000020110F000070374748CD332241620E32D0B40A5A41;40580250;Verkocht;3818XH;Ruys de Beerenbroucklaan;8;a;Amersfoort;3;192000;k.k.;VK;1;61;NULL;NULL;NULL;2016-11-29;NULL;Digimakelaars.nl - Internetmakelaar
741138;0307200000450805;010100002040710000333333338FC90241AE47E17A15451C41;0101000020110F0000D3136EED413F224160EA997A780C5A41;40580947;Verkocht;3812AE;Soesterweg;171;a;Amersfoort;2;139000;k.k.;VK;1;43;NULL;NULL;NULL;2016-11-29;NULL;Telman & Van Leeuwen Makelaars
738525;0307200000437304;010100002040710000E17A14AE0B19034114AE47E1213B1C41;0101000020110F0000AE4091A5945F2241EAA2C3C8740B5A41;40583141;Verkocht;3816CJ;Ringweg-Randenbroek;40;c;Amersfoort;4;162500;k.k.;VK;1;73;NULL;NULL;NULL;2016-11-29;NULL;Drenth Makelaars - Makelaardij in Amersfoort
2920693;NULL;NULL;NULL;40591608;Verkocht;3811MP;Spoorstraat;18;a;Amersfoort;3;315000;k.k.;VK;NULL;89;66;NULL;NULL;2016-11-29;NULL;Drenth Makelaars - Makelaardij in Amersfoort
751102;0307200000501742;0101000020407100003D0AD7A3980A03413D0AD7A3B5511C41;0101000020110F000037773475B5592241AC5BDFF5C10D5A41;40592185;Verkocht;3814TE;Ringweg-Kruiskamp;72;g;Amersfoort;3;225000;k.k.;VK;1;84;NULL;NULL;NULL;NULL;NULL;De Ruiter Makelaarshuis BV
743525;0307200000463709;01010000204071000014AE47E1001D034100000000D0571C41;0101000020110F000034604E8D3261224148889A2D610E5A41;40592773;Verkocht;3815LN;Trekvogelweg;58;h;Amersfoort;2;150000;k.k.;VK;1;62;NULL;NULL;NULL;2016-11-29;NULL;De Ruiter Makelaarshuis BV
752681;0307200000509920;0101000020407100009A99999939EA024148E17A1432421C41;0101000020110F00008470ADC18A4C2241137AAE292D0C5A41;40595242;Verkocht;3811BA;Westsingel;16;n;Amersfoort;4;350000;k.k.;VK;1;101;NULL;NULL;NULL;2016-11-29;NULL;Telman & Van Leeuwen Makelaars
2919893;NULL;NULL;NULL;40597779;Verkocht;3814AG;Van Randwijcklaan;105;d;Amersfoort;5;310000;k.k.;VK;NULL;113;65;NULL;NULL;2016-11-29;NULL;Woonvast Makelaars
745111;0307200000472409;010100002040710000E17A14AECF0103413D0AD7A346521C41;0101000020110F00008B48CCB722562241A24923C3D00D5A41;40598362;Verkocht;3814TL;Kortenaerstraat;4;d;Amersfoort;3;150000;k.k.;VK;1;47;NULL;NULL;NULL;NULL;NULL;De Ruiter Makelaarshuis BV
3986524;NULL;NULL;NULL;40601845;Verkocht;3824LW;Karper;141;2p;Amersfoort;4;225000;k.k.;VK;NULL;90;NULL;NULL;NULL;2016-11-29;NULL;Woonvast Makelaars
2917923;NULL;NULL;NULL;40608055;Verkocht;3812CA;Puntenburgerlaan;7;a;Amersfoort;2;235000;k.k.;VK;NULL;65;NULL;NULL;NULL;2016-11-29;NULL;Makelaarsland
748968;0307200000491365;01010000204071000033333333C3090341A4703D0AF83C1C41;0101000020110F0000A023EFCB5D59224149FDFEBFA40B5A41;40608798;Verkocht;3816MD;Beethovenweg;2;a;Amersfoort;5;215000;k.k.;VK;1;80;NULL;NULL;NULL;2016-11-29;NULL;Hendriks Makelaardij Amersfoort
749879;0307200000496006;0101000020407100009A99999955FB0241713D0AD7CB451C41;0101000020110F0000599C110780532241713CA31A8B0C5A41;40610525;Verkocht;3811JG;Achter de Kamp;30;a;Amersfoort;3;239000;k.k.;VK;1;68;NULL;NULL;NULL;2016-11-29;NULL;De Ruiter Makelaarshuis BV
2992383;NULL;NULL;NULL;40610981;Verkocht;3814CB;Hogeweg;17;b;Amersfoort;2;175000;k.k.;VK;NULL;55;NULL;NULL;NULL;2016-11-29;NULL;Fundament Makelaars
750548;0307200000498930;010100002040710000295C8FC26B0C034148E17A142E3D1C41;0101000020110F00003331268C725A2241B16C2240AA0B5A41;40616362;Verkocht;3816MJ;Valeriushof;21;b;Amersfoort;2;119500;k.k.;VK;1;41;NULL;NULL;NULL;2016-11-29;NULL;e-makelaar
3992393;NULL;NULL;NULL;40619480;Verkocht;3818LN;Barchman Wuytierslaan;196;c;Amersfoort;5;710000;v.o.n.;VK;NULL;NULL;302;NULL;NULL;2016-11-29;NULL;Govaert Makelaardij Verhuur & Beheer
4839662;NULL;NULL;NULL;40619488;Verkocht;3818LN;Barchman Wuytierslaan;196;a;Amersfoort;5;745000;v.o.n.;VK;NULL;NULL;338;NULL;NULL;2016-11-29;NULL;Govaert Makelaardij Verhuur & Beheer
3990302;NULL;NULL;NULL;40619489;Verkocht;3818LN;Barchman Wuytierslaan;196;b;Amersfoort;5;725000;v.o.n.;VK;NULL;NULL;327;NULL;NULL;2016-11-29;NULL;Govaert Makelaardij Verhuur & Beheer
729399;0307200000390986;0101000020407100000000000072EA02419A99999935421C41;0101000020110F000071F944B1A14C2241625688852D0C5A41;40620195;Verkocht;3811BA;Westsingel;15;d;Amersfoort;3;225000;k.k.;VK;1;68;NULL;NULL;NULL;2016-11-29;NULL;Hoekschoeman
3994775;NULL;NULL;NULL;40621508;Verkocht;3818XB;Treublaan;27;a;Amersfoort;3;150000;k.k.;VK;NULL;57;NULL;NULL;NULL;2016-11-29;NULL;Succesmakelaars & financieel adviseurs
744436;0307200000468706;0101000020407100008FC2F52824EB02410AD7A370C52E1C41;0101000020110F000041B79126EA4C2241D3D0B864320A5A41;40623123;Verkocht;3817HE;Everard Meysterweg;58;b;Amersfoort;3;195000;k.k.;VK;1;69;NULL;NULL;NULL;2016-11-29;NULL;Margitte Schoof Makelaardij o.z.
753408;0307200000513518;010100002040710000A4703D0A7336034185EB51B8F8911C41;0101000020110F000080021E3D926B2241A7AE9B8D4F145A41;40625314;Verkocht;3825KG;Laakboulevard;240;a;Amersfoort;3;550000;k.k.;VK;1;178;NULL;NULL;NULL;2016-11-29;NULL;Telman & Van Leeuwen Makelaars
729619;0307200000392227;0101000020407100003D0AD7A3F01B03410AD7A370A4581C41;0101000020110F0000F62E5ADDC3602241FF1B68D7760E5A41;40627455;Verkocht;3815LS;Trekvogelweg;74;3;Amersfoort;NULL;16500;k.k.;VK;NULL;18;11;NULL;NULL;2016-11-29;NULL;Van Hell Makelaars
2922490;NULL;NULL;NULL;40627592;Verkocht;3817SR;Woestijgerweg;204;c;Amersfoort;3;189000;k.k.;VK;NULL;59;NULL;NULL;NULL;2016-11-29;NULL;Woonvast Makelaars
746367;0307200000478662;0101000020407100009A999999872303415C8FC2F5474D1C41;0101000020110F0000AB561A5FD9632241DEB7B84C4E0D5A41;40628409;Verkocht;3815SX;Spreeuwenstraat;299;8;Amersfoort;NULL;15000;k.k.;VK;NULL;18;NULL;NULL;NULL;2016-11-29;NULL;Drenth Makelaars - Makelaardij in Amersfoort
748172;0307200000487455;010100002040710000A4703D0A710A0341F6285C8FAE511C41;0101000020110F0000D6A87959A5592241F42B343DC10D5A41;40635154;Verkocht;3814TE;Ringweg-Kruiskamp;72;s;Amersfoort;3;259000;k.k.;VK;1;82;NULL;NULL;NULL;2016-11-29;NULL;Woonvast Makelaars
3949714;NULL;NULL;NULL;40666982;Verkocht;3814CC;Hogeweg;19;f;Amersfoort;2;169500;k.k.;VK;NULL;54;NULL;NULL;NULL;2016-11-29;NULL;Zijlstra ERA Makelaardij
3760634;NULL;NULL;NULL;40675580;Verkocht;3818TH;Surinamelaan;89;c;Amersfoort;5;209500;k.k.;VK;NULL;96;NULL;NULL;NULL;2016-11-29;NULL;Makelaarshuis Klein Hofmeijer
752999;0307200000511458;01010000204071000000000000D201034114AE47E107321C41;0101000020110F000051B001B122562241EE790F67870A5A41;40676620;Verkocht;3817ES;Lambert Heijnricsstraat;22;b;Amersfoort;2;135000;k.k.;VK;1;45;NULL;NULL;NULL;2016-11-29;NULL;Hoekschoeman
4807588;NULL;NULL;NULL;40679908;Verkocht;3826BS;Griendweg;80;p;Amersfoort;2;225000;k.k.;VK;NULL;81;NULL;NULL;NULL;2016-11-29;NULL;Makelaardij de Parel
2920963;NULL;NULL;NULL;40683652;Verkocht;3811NR;Weltevreden;81;p;Amersfoort;3;248000;k.k.;VK;NULL;61;NULL;NULL;NULL;2016-11-29;NULL;Woonvast Makelaars
2949042;NULL;NULL;NULL;40683944;Verkocht;3816MD;Beethovenweg;2;d;Amersfoort;4;195000;k.k.;VK;NULL;84;NULL;NULL;NULL;2016-11-29;NULL;Succesmakelaars & financieel adviseurs
4839532;NULL;NULL;NULL;40689919;Verkocht;3817ZK;Réaumurstraat;15;c;Amersfoort;4;195000;k.k.;VK;NULL;63;NULL;NULL;NULL;2016-11-29;NULL;Margitte Schoof Makelaardij o.z.
3968327;NULL;NULL;NULL;40693129;Verkocht;3818KS;Pieter Jelles Troelstralaan;59;c;Amersfoort;3;185000;k.k.;VK;NULL;65;NULL;NULL;NULL;2016-11-29;NULL;Zijlstra ERA Makelaardij
4803052;NULL;NULL;NULL;40699131;Verkocht;3811ES;Bloemendalsestraat;38;a;Amersfoort;2;225000;k.k.;VK;NULL;54;NULL;NULL;NULL;2016-11-29;NULL;Margitte Schoof Makelaardij o.z.
751704;0307200000504866;010100002040710000D7A3703D101D0341E17A14AED1571C41;0101000020110F000019D0EFCC386122414D216359610E5A41;40699790;Verkocht;3815LN;Trekvogelweg;58;b;Amersfoort;2;155000;k.k.;VK;1;62;NULL;NULL;NULL;2016-11-29;NULL;De Ruiter Makelaarshuis BV
732353;0307200000405895;010100002040710000666666661804034100000000BE471C41;0101000020110F00001A0C113410572241FB30DCDDBD0C5A41;40704067;Verkocht;3814CA;Hogeweg;7;d;Amersfoort;2;169000;k.k.;VK;1;54;NULL;NULL;NULL;2016-11-29;NULL;Drenth Makelaars - Makelaardij in Amersfoort
737529;0307200000432144;0101000020407100009A999999DF110341E17A14AE99351C41;0101000020110F0000ED475BC2A95C2241F4A6917BE40A5A41;40710853;Verkocht;3816LN;Mozartweg;99;c;Amersfoort;3;200000;k.k.;VK;1;75;NULL;NULL;NULL;2016-11-29;NULL;Makelaarsland
750258;0307200000497585;010100002040710000E17A14AE930803411F85EB51153D1C41;0101000020110F00008B34DC60E2582241084EB2BCA70B5A41;40712186;Verkocht;3816AL;Heiligenbergerweg;70;e;Amersfoort;3;200000;k.k.;VK;1;56;NULL;NULL;NULL;2016-11-29;NULL;Domicilie Makelaars Nijkerk
738340;0307200000436284;0101000020407100003333333389D50241F6285C8F2F4A1C41;0101000020110F0000AAB1F4A820442241DCF82FA3FD0C5A41;40712733;Verkocht;3812RS;Amsterdamseweg;6;d;Amersfoort;4;500000;k.k.;VK;1;134;NULL;NULL;NULL;2016-11-29;NULL;Hendriks Makelaardij Amersfoort
744848;0307200000470852;0101000020407100003D0AD7A356B202418FC2F52886361C41;0101000020110F00000E988A81D135224169F1E281FC0A5A41;40715302;Verkocht;3818KK;Mr. Th. Heemskerklaan;51;a;Amersfoort;3;200000;k.k.;VK;1;65;NULL;NULL;NULL;2016-11-29;NULL;Hoekschoeman
731763;0307200000402704;0101000020407100005C8FC2F54C0B0341EC51B81E1D3D1C41;0101000020110F0000F990A9EBFD592241664E6A86A80B5A41;40725809;Verkocht;3816ME;Valeriushof;4;d;Amersfoort;5;205000;k.k.;VK;1;83;NULL;NULL;NULL;2016-11-29;NULL;Wooncontent NVM Amersfoort
750312;NULL;NULL;NULL;40733442;Verkocht;3811BT;Langegracht;8;a;Amersfoort;2;450000;k.k.;VK;NULL;NULL;NULL;NULL;NULL;2016-11-29;NULL;Govaert Makelaardij Verhuur & Beheer
2952414;NULL;NULL;NULL;40739159;Verkocht;3812GZ;Piet Mondriaanplein;259;p;Amersfoort;2;179000;k.k.;VK;NULL;44;NULL;NULL;NULL;2016-11-29;NULL;Van Hell Makelaars BV
748270;0307200000487969;010100002040710000CDCCCCCCD8130341A4703D0AB84E1C41;0101000020110F0000F9E65989785D224112BCA5E2730D5A41;40744643;Verkocht;3815DP;Zangvogelweg;134;14;Amersfoort;NULL;16500;k.k.;VK;NULL;18;NULL;NULL;NULL;2016-11-29;NULL;Govaert Makelaardij Verhuur & Beheer
729534;0307200000391789;0101000020407100005C8FC2F5E01503410AD7A3701B4F1C41;0101000020110F00002B7DB31F4C5E22410C6DDC027E0D5A41;40744644;Verkocht;3815KH;Albatrosstraat;29;4;Amersfoort;NULL;16000;k.k.;VK;1;18;NULL;NULL;NULL;2016-11-29;NULL;Govaert Makelaardij Verhuur & Beheer
733881;0307200000413998;0101000020407100005C8FC2F5A2030341CDCCCCCC374E1C41;0101000020110F0000CF75E1A6E0562241F46A4BDB660D5A41;40750478;Verkocht;3814VL;Van Spilbergenstraat;29;a;Amersfoort;4;167500;k.k.;VK;1;82;NULL;NULL;NULL;2016-11-29;NULL;Succesmakelaars & financieel adviseurs
754296;0307200000518150;010100002040710000F6285C8F900003419A999999FA4F1C41;0101000020110F00000CFDCAD9A055224143FA49D1940D5A41;40751935;Verkocht;3814PH;Liendertseweg;37;b;Amersfoort;4;175000;k.k.;VK;1;72;NULL;NULL;NULL;2016-11-29;NULL;De Ruiter Makelaarshuis BV
749130;0307200000492080;010100002040710000EC51B81EABF302418FC2F52841651C41;0101000020110F0000BA37714462502241E2B0D624C00F5A41;40758374;Verkocht;3813NV;Nijenrode;3;a;Amersfoort;3;175000;k.k.;VK;1;66;NULL;NULL;NULL;2016-11-29;NULL;Hunink en Holtrigter
2983874;NULL;NULL;NULL;40759020;Verkocht;3822EW;Emiclaerseweg;13;3;Amersfoort;NULL;415000;v.o.n.;VK;NULL;NULL;715;NULL;NULL;2016-11-29;NULL;Van Hell Makelaars
3976057;NULL;NULL;NULL;40759027;Verkocht;3822EW;Emiclaerseweg;13;2;Amersfoort;NULL;495000;v.o.n.;VK;NULL;NULL;906;NULL;NULL;2016-11-29;NULL;Van Hell Makelaars BV
727724;0307200000382043;01010000204071000014AE47E16CE102415C8FC2F5CE231C41;0101000020110F00002D37580FF74822416DCCA86E14095A41;40803988;Verkocht;3817JZ;Keesomstraat;41;b;Amersfoort;4;200000;k.k.;VK;1;80;NULL;NULL;NULL;2016-11-29;NULL;Woonvast Makelaars
754425;0307200000518803;0101000020407100009A99999909010341CDCCCCCC49501C41;0101000020110F0000D3885C17D2552241638BF9E39C0D5A41;40812632;Verkocht;3814PH;Liendertseweg;43;c;Amersfoort;4;212500;k.k.;VK;1;93;NULL;NULL;NULL;2016-11-29;NULL;De Ruiter Makelaarshuis BV
3988376;NULL;NULL;NULL;40815528;Verkocht;3824LW;Karper;123;2p;Amersfoort;3;250000;k.k.;VK;NULL;NULL;NULL;NULL;NULL;2016-11-29;NULL;Woonvast Makelaars
752753;0307200000510291;01010000204071000085EB51B8EE1203411F85EB5145391C41;0101000020110F0000472FE930185D2241D573F33C440B5A41;40815588;Verkocht;3816CC;Ringweg-Randenbroek;39;a;Amersfoort;1;109000;k.k.;VK;1;50;NULL;NULL;NULL;2016-11-29;NULL;Hendriks Makelaardij Amersfoort
3973511;NULL;NULL;NULL;40822253;Verkocht;3815BA;Liendertseweg;81;b;Amersfoort;2;209000;k.k.;VK;NULL;NULL;NULL;NULL;NULL;2016-11-29;NULL;Reinerie Garantiemakelaars Amersfoort
3949418;NULL;NULL;NULL;40823326;Verkocht;3818HH;Regentesselaan;29;a;Amersfoort;7;795000;v.o.n.;VK;NULL;NULL;256;NULL;NULL;2016-11-29;NULL;NULL
3949112;NULL;NULL;NULL;40823385;Verkocht;3818HH;Regentesselaan;29;a;Amersfoort;7;795000;v.o.n.;VK;NULL;NULL;256;NULL;NULL;2016-11-29;NULL;Buijs Regiomakelaars | Qualis
735367;0307200000421323;01010000204071000085EB51B8D0000341E17A14AE414F1C41;0101000020110F0000D6E41FEDBA552241668A4CF7810D5A41;40824164;Verkocht;3814VK;Van Spilbergenstraat;3;c;Amersfoort;3;162500;k.k.;VK;1;52;NULL;NULL;NULL;2016-11-29;NULL;Makelaarsland
755983;0307200000529670;0101000020407100002506819544D80241E3A59B44FE421C41;0101000020110F00000670054A3D45224123EB94F5410C5A41;40829781;Verkocht;3812GT;Piet Mondriaanlaan;125;h;Amersfoort;2;219000;k.k.;VK;1;62;NULL;NULL;NULL;2016-11-29;NULL;Telman & Van Leeuwen Makelaars
732637;0307200000407265;010100002040710000295C8FC243C50241713D0AD702221C41;0101000020110F00004DD5C399843D2241D9CE2D7FE5085A41;40830176;Verkocht;3818BM;Kapelweg;175;b;Amersfoort;4;175000;k.k.;VK;1;65;NULL;NULL;NULL;2016-11-29;NULL;Makelaarschap
744588;0307200000469244;0101000020407100001F85EB51AEF10241B81E85EB4A491C41;0101000020110F0000EE9FCF06934F22410C678459E60C5A41;40832325;Verkocht;3811ES;Bloemendalsestraat;38;b;Amersfoort;2;200000;k.k.;VK;1;64;NULL;NULL;NULL;2016-11-29;NULL;Wooncontent NVM Amersfoort
728321;0307200000385239;0101000020407100001F85EB51CABF024148E17A149D211C41;0101000020110F0000350576F14A3B22417958491CDB085A41;40832560;Verkocht;3818SM;Arubalaan;64;b;Amersfoort;4;187500;k.k.;VK;1;85;NULL;NULL;NULL;2016-11-29;NULL;Woonvast Makelaars
744303;0307200000468021;0101000020407100003D0AD7A362FB0241C3F5285C56461C41;0101000020110F0000BF72A65785532241F2AC2539990C5A41;40838493;Verkocht;3811AM;Kamp;25;a;Amersfoort;6;448000;k.k.;VK;1;136;NULL;NULL;NULL;2016-11-29;NULL;De Ruiter Makelaarshuis BV
753126;0307200000512092;010100002040710000D7A3703DF2D50241F6285C8F555A1C41;0101000020110F0000D5285AEA4A44224160BE6E14A30E5A41;40845183;Verkocht;3813CH;Klarissenstraat;23;5;Amersfoort;NULL;29500;k.k.;VK;NULL;18;32;NULL;NULL;2016-11-29;NULL;Wooncontent NVM Amersfoort
729317;0307200000390565;0101000020407100007B14AE47ED0503413D0AD7A305411C41;0101000020110F0000CA27AEA7CE572241E84EEB820E0C5A41;40845591;Verkocht;3816PC;Cavaleriestraat;2;1;Amersfoort;4;315000;k.k.;VK;5;90;153;NULL;NULL;2016-11-29;NULL;Woonvast Makelaars
753164;0307200000512275;0101000020407100001F85EB51EAF40241B81E85EB04501C41;0101000020110F00000E61BADCE350224156F975E2950D5A41;40850533;Verkocht;3814SC;Evertsenstraat;17;b;Amersfoort;4;149000;k.k.;VK;1;63;NULL;NULL;NULL;2016-11-29;NULL;Woonvast Makelaars
754716;0307200000520271;01010000204071000048E17A1454F802419A9999993B4F1C41;0101000020110F0000CFD7613D475222414D91C45B810D5A41;40851873;Verkocht;3814RK;Van Brakelstraat;22;c;Amersfoort;3;175000;k.k.;VK;1;64;NULL;NULL;NULL;2016-11-29;NULL;Buijs Regiomakelaars | Qualis
747913;0307200000486347;010100002040710000A4703D0A2910034148E17A14A2371C41;0101000020110F0000B1D2908AF75B224125C88785190B5A41;40852072;Verkocht;3816LM;Mozartweg;69;b;Amersfoort;3;160000;k.k.;VK;1;64;NULL;NULL;NULL;2016-11-29;NULL;Hendriks Makelaardij Amersfoort
734226;0307200000415808;010100002040710000F6285C8F1A15034148E17A14BE381C41;0101000020110F0000C304242DFA5D22415C8DB472360B5A41;40853924;Verkocht;3816CM;Ringweg-Randenbroek;82;f;Amersfoort;3;189500;k.k.;VK;1;75;NULL;NULL;NULL;2016-11-29;NULL;Hooijer Makelaardij
733535;0307200000412224;010100002040710000C3F5285CFF110341AE47E17A9A351C41;0101000020110F0000A21C47ACB65C22411E385690E40A5A41;40857631;Verkocht;3816LN;Mozartweg;99;b;Amersfoort;4;185000;k.k.;VK;1;72;NULL;NULL;NULL;2016-11-29;NULL;Hendriks Makelaardij Amersfoort
731179;0307200000399817;0101000020407100007B14AE473DCD0241C3F5285C50461C41;0101000020110F0000345ED000C1402241EF568B95980C5A41;40858017;Verkocht;3812ST;Matthias Withoosstraat;28;g;Amersfoort;4;365000;k.k.;VK;4;111;193;NULL;NULL;2016-11-29;NULL;Hendriks Makelaardij Amersfoort
737717;0307200000433336;01010000204071000052B81E85E71003411F85EB51EC491C41;0101000020110F0000B7CFADE9455C224167C38BBEF60C5A41;40858353;Verkocht;3814WS;Ringweg-Kruiskamp;100;a;Amersfoort;3;180000;k.k.;VK;1;76;NULL;NULL;NULL;2016-11-29;NULL;Telman & Van Leeuwen Makelaars
732328;0307200000405723;01010000204071000033333333F51103418FC2F52817451C41;0101000020110F0000A79DD757B35C2241087BC2A2780C5A41;40864537;Verkocht;3816NB;Bachweg;23;c;Amersfoort;4;200000;k.k.;VK;1;122;NULL;NULL;NULL;2016-11-29;NULL;Hoekschoeman
731989;0307200000403974;010100002040710000CBA145B6C310034100000000024A1C41;0101000020110F0000465A8E5A375C2241221767F4F80C5A41;40865627;Verkocht;3814WS;Ringweg-Kruiskamp;99;c;Amersfoort;4;175000;k.k.;VK;1;75;NULL;NULL;NULL;2016-11-29;NULL;Woonvast Makelaars
729363;0307200000390812;010100002040710000A4703D0A4317034152B81E85723A1C41;0101000020110F0000AF6478ECDA5E2241A46451EB620B5A41;40867822;Verkocht;3816CK;Ringweg-Randenbroek;44;c;Amersfoort;2;139000;k.k.;VK;1;44;NULL;NULL;NULL;2016-11-29;NULL;Vlaming Makelaardij
755718;0307200000528783;0101000020407100008FC2F528313303414E6210D800891C41;0101000020110F0000FBAAE9E93D6A224185AD7D5765135A41;40879329;Verkocht;3825VB;Straat van Corsica;127;b;Amersfoort;3;200000;k.k.;VK;1;51;NULL;NULL;NULL;2016-11-29;NULL;Zijlstra ERA Makelaardij
752679;0307200000509910;010100002040710000CDCCCCCC56DF02417B14AE47CF241C41;0101000020110F0000958EDDEF1D4822415FCEA88B2E095A41;40879501;Verkocht;3817JS;Einsteinstraat;18;b;Amersfoort;4;212500;k.k.;VK;1;78;NULL;NULL;NULL;2016-11-29;NULL;Si-No Makelaars